{
  "post": {
    "post_title": "The Hadith of Intentions",
    "post_content": "",
    "post_status": "publish",
    "post_type": "hadith"
  },
  "meta": {
    "hadith_arabic_text": "إنما الأعمال بالنيات...",
    "hadith_collection": "Sahih Bukhari",
    "hadith_book": "Book of Revelation",
    "hadith_chapter": "How the Divine Revelation Started",
    "hadith_number": "1"
  },
  "reference": {
    "book_name": "Sahih al-Bukhari",
    "volume_number": "1",
    "page_number": "1",
    "hadith_number": "1",
    "chapter_name": "How the Divine Revelation Started",
    "authenticity_grade": "sahih",
    "additional_reference": "Also found in Sahih Muslim, No. 1907"
  },
  "narrators": [
    {
      "narrator_name": "Umar ibn Al-Khattab",
      "narrator_info": "The second caliph of Islam",
      "position": 1
    },
    {
      "narrator_name": "Alqama ibn Abi Waqqas",
      "narrator_info": "",
      "position": 2
    }
  ],
  "translations": [
    {
      "language_code": "en",
      "scholar_id": 1,
      "translation_text": "Deeds are [judged] by motives, so each man will have what he intended..."
    },
    {
      "language_code": "fr",
      "scholar_id": 2,
      "translation_text": "Les actes ne valent que par leurs intentions..."
    },
    {
      "language_code": "ur",
      "scholar_id": 3,
      "translation_text": "اعمال کا دارومدار نیتوں پر ہے..."
    }
  ]
} 